{
    "relax":{"lf_pinky4_Ctrl": [0.0, 0.0, -21.225647153610918], "lf_middle4_Ctrl": [0.0, 0.0, -21.225647153610918], "lf_thumb1_Ctrl": [-7.544410051125326e-17, -8.858143288173316, -1.949819937023996], "lf_thumb3_Ctrl": [0.0, 0.0, -14.396440354435036], "lf_thumb2_Ctrl": [-0.6567246134381397, -0.13964601208530256, -6.660228241116086], "lf_ring3_Ctrl": [0.0, 0.0, -21.225647153610918], "lf_ring4_Ctrl": [0.0, 0.0, -21.225647153610918], "lf_middle2_Ctrl": [-2.6036655979364336, -3.4322914467063437, -26.18498127424655], "lf_index4_Ctrl": [0.0, 0.0, -21.225647153610918], "lf_hand_Ctrl": [0.0, 0.0, 0.0], "lf_ring1_Ctrl": [0.0, 0.0, 0.0], "lf_index3_Ctrl": [0.0, 0.0, -21.225647153610918], "lf_middle1_Ctrl": [0.0, 0.0, 0.0], "lf_pinky1_Ctrl": [0.0, 0.0, 0.0], "lf_pinky2_Ctrl": [-2.5315145710963725, -1.987846675914698e-16, -43.288984169508595], "lf_index2_Ctrl": [-9.956605855424978e-17, -3.3851350394672823, -16.15942566442184], "lf_ring2_Ctrl": [-3.5379609163132177, 0.2137913302793968, -33.9719937154387], "lf_index1_Ctrl": [0.0, 0.0, 0.0], "lf_middle3_Ctrl": [0.0, 0.0, -21.225647153610918], "lf_pinky3_Ctrl": [0.0, 0.0, -21.225647153610918]},
    "fist": {"lf_pinky4_Ctrl": [0.0, 0.0, -90.73369382871628], "lf_middle4_Ctrl": [0.0, 0.0, -90.73369382871628], "lf_thumb1_Ctrl": [5.058305186099224, -22.368617540919793, -12.754873079183644], "lf_thumb3_Ctrl": [0.0, 0.0, -55.84310694998607], "lf_thumb2_Ctrl": [0.0, 0.0, -55.84310694998607], "lf_ring3_Ctrl": [0.0, 0.0, -85.38727823850614], "lf_ring4_Ctrl": [0.0, 0.0, -90.73369382871628], "lf_middle2_Ctrl": [0.0, 0.0, -85.38727823850614], "lf_index4_Ctrl": [0.0, 0.0, -90.73369382871628], "lf_hand_Ctrl": [0.0, 0.0, 0.0], "lf_ring1_Ctrl": [0.0, 0.0, 0.0], "lf_index3_Ctrl": [0.0, 0.0, -85.38727823850614], "lf_middle1_Ctrl": [0.0, 0.0, 0.0], "lf_pinky1_Ctrl": [0.0, 0.0, 0.0], "lf_pinky2_Ctrl": [0.0, 0.0, -85.38727823850614], "lf_index2_Ctrl": [0.0, 0.0, -85.38727823850614], "lf_ring2_Ctrl": [0.0, 0.0, -85.38727823850614], "lf_index1_Ctrl": [0.0, 0.0, 0.0], "lf_middle3_Ctrl": [0.0, 0.0, -85.38727823850614], "lf_pinky3_Ctrl": [0.0, 0.0, -85.38727823850614]},
    "spread":{"lf_pinky4_Ctrl": [0.0, 0.0, 4.711689574953298], "lf_middle4_Ctrl": [0.0, 0.0, 4.711689574953298], "lf_thumb1_Ctrl": [-31.689573182627626, -7.054393291168889, 47.626396894568344], "lf_thumb3_Ctrl": [0.0, 0.0, 1.886411950233842], "lf_thumb2_Ctrl": [0.0, 0.0, 2.8980187880763384], "lf_ring3_Ctrl": [0.0, 0.0, 4.711689574953298], "lf_ring4_Ctrl": [0.0, 0.0, 4.711689574953298], "lf_middle2_Ctrl": [-0.12176861389309664, -4.396503441429147, 2.2030341108566884], "lf_index4_Ctrl": [0.0, 0.0, 4.711689574953298], "lf_hand_Ctrl": [0.0, 0.0, 0.0], "lf_ring1_Ctrl": [0.0, 0.0, 0.0], "lf_index3_Ctrl": [0.0, 0.0, 4.711689574953298], "lf_middle1_Ctrl": [0.0, 0.0, 0.0], "lf_pinky1_Ctrl": [0.0, 0.0, 0.0], "lf_pinky2_Ctrl": [-1.412910166649288, 23.18139222316901, 7.221977662520277], "lf_index2_Ctrl": [-0.905250210469532, -13.626539469334986, 5.523030288570905], "lf_ring2_Ctrl": [-1.9628918151465888, 5.962079685137699, 6.087711682924361], "lf_index1_Ctrl": [0.0, 0.0, 0.0], "lf_middle3_Ctrl": [0.0, 0.0, 4.711689574953298], "lf_pinky3_Ctrl": [0.0, 0.0, 4.711689574953298]},
    "claw":{"lf_pinky4_Ctrl": [0.0, 0.0, -56.109411637630764], "lf_middle4_Ctrl": [0.0, 0.0, -48.710636591862325], "lf_thumb1_Ctrl": [0.0, -19.94712547358267, 20.85213142803544], "lf_thumb3_Ctrl": [0.0, 0.0, -51.61735695740251], "lf_thumb2_Ctrl": [0.0, 0.0, -39.54040424111389], "lf_ring3_Ctrl": [0.0, 0.0, -66.61041475769325], "lf_ring4_Ctrl": [0.0, 0.0, -54.69698486982816], "lf_middle2_Ctrl": [9.950349360402466e-17, -2.7085246927796325, 14.667801862774693], "lf_index4_Ctrl": [0.0, 0.0, -61.09177321007132], "lf_hand_Ctrl": [0.0, 0.0, 0.0], "lf_ring1_Ctrl": [0.0, 0.0, 0.0], "lf_index3_Ctrl": [0.0, 0.0, -80.12809977499586], "lf_middle1_Ctrl": [0.0, 0.0, 0.0], "lf_pinky1_Ctrl": [0.0, 0.0, 0.0], "lf_pinky2_Ctrl": [-10.349917222877805, 15.955918012519248, -9.239885007567555], "lf_index2_Ctrl": [4.817055879281966, -13.931806733285775, 13.419540537804176], "lf_ring2_Ctrl": [-7.610802205305496, 9.604936360530681, 9.01087322364299], "lf_index1_Ctrl": [0.0, 0.0, 0.0], "lf_middle3_Ctrl": [0.0, 0.0, -82.8788826320928], "lf_pinky3_Ctrl": [0.0, 0.0, -52.250492502010886]},
    "point":{"lf_pinky4_Ctrl": [0.0, 0.0, -87.73815552675084], "lf_middle4_Ctrl": [0.0, 0.0, -87.73815552675084], "lf_thumb1_Ctrl": [18.91056594778623, -22.01538142847878, -24.63959082961447], "lf_thumb3_Ctrl": [0.0, 0.0, -49.108748287434985], "lf_thumb2_Ctrl": [0.0, 0.0, -49.108748287434985], "lf_ring3_Ctrl": [0.0, 0.0, -87.73815552675084], "lf_ring4_Ctrl": [0.0, 0.0, -87.73815552675084], "lf_middle2_Ctrl": [0.0, 0.0, -87.73815552675084], "lf_index4_Ctrl": [0.0, 0.0, 2.618530745157773], "lf_hand_Ctrl": [0.0, 0.0, 0.0], "lf_ring1_Ctrl": [0.0, 0.0, 0.0], "lf_index3_Ctrl": [0.0, 0.0, 0.0], "lf_middle1_Ctrl": [0.0, 0.0, 0.0], "lf_pinky1_Ctrl": [0.0, 0.0, 0.0], "lf_pinky2_Ctrl": [0.0, 0.0, -87.73815552675084], "lf_index2_Ctrl": [0.0, 0.0, 0.3852003686363516], "lf_ring2_Ctrl": [0.0, 0.0, -87.73815552675084], "lf_index1_Ctrl": [0.0, 0.0, 0.0], "lf_middle3_Ctrl": [0.0, 0.0, -87.73815552675084], "lf_pinky3_Ctrl": [0.0, 0.0, -87.73815552675084]}

}