{"ring2_JNT": {"scale": [0.9999999999999999, 0.9999999999999999, 0.9999999999999999], "orientation": [0.04568251817875003, -0.3134664038672988, -10.572674255069174], "parent": "ring1_JNT", "part": 21, "rotation": [-8.13435565515323, 1.3347521111350307, -5.748537488736514], "translate": [12.156159932733091, 20.594040874260365, -0.1560642784728007], "side": 1}, "thumb2_JNT": {"scale": [0.9999999999999999, 0.9999999999999999, 0.9999999999999999], "orientation": [-1.268906551797943, -0.01979579789706513, -3.3475141290007793], "parent": "thumb1_JNT", "part": 14, "rotation": [78.06436277851971, -18.711334402124702, -23.82940748375498], "translate": [11.732580507084903, 19.303019141696446, 2.26737766263644], "side": 1}, "pinky1_JNT": {"scale": [1.0, 1.0, 1.0], "orientation": [-12.173927512682639, 4.406145247644125, -2.262745574371511], "parent": "hand_JNT", "part": 22, "rotation": [-12.17392751268264, 4.406145247644124, -2.2627455743715106], "translate": [10.700174697959524, 20.274607212122493, -0.7820042778011809], "side": 1}, "indexEnd_JNT": {"scale": [0.9999999999999997, 1.0, 1.0000000000000002], "orientation": [1.963299223210404, -0.12296171432005171, 10.994085691909554], "parent": "index4_JNT", "part": 0, "rotation": [0.0, -2.8779694939403844, 0.0], "translate": [15.997501643380266, 20.266181481622084, 1.7008277308847128], "side": 0}, "thumbEnd_JNT": {"scale": [0.9999999999999999, 1.0000000000000002, 1.0], "orientation": [-64.30482423407388, 13.879783759638608, 22.41443551447091], "parent": "thumb3_JNT", "part": 0, "rotation": [0.0, -38.991168301960684, 0.0], "translate": [13.584971868307784, 18.499175304378852, 3.0222866981850003], "side": 0}, "ringEnd_JNT": {"scale": [0.9999999999999999, 0.9999999999999998, 1.0], "orientation": [-1.4268041476369737, 1.2337211804042798, 0.36451458994436703], "parent": "ring4_JNT", "part": 0, "rotation": [-9.549717319769961, 2.0670541317467115, -8.6628030390431], "translate": [15.980126304681551, 20.146034381428883, -0.2348546191263424], "side": 0}, "index3_JNT": {"scale": [0.9999999999999999, 1.0, 1.0], "orientation": [0.007927858383552998, -0.07051171274034916, -1.1491371574861369], "parent": "index2_JNT", "part": 19, "rotation": [-1.8136640138916096, -2.4728698853661824, -4.310563119437756], "translate": [13.87482406761604, 20.543838295762363, 1.5975535142931612], "side": 1}, "pinky3_JNT": {"scale": [0.9999999999999999, 1.0, 0.9999999999999999], "orientation": [0.040726568800227646, -0.050612671755799366, -1.7593614148279226], "parent": "pinky2_JNT", "part": 22, "rotation": [-12.37761841146658, 3.3939128433488697, -6.352588015628559], "translate": [13.524209727633142, 20.09413283042556, -0.9830446687567413], "side": 1}, "pinky2_JNT": {"scale": [0.9999999999999999, 1.0, 1.0], "orientation": [0.036128732860831146, -0.06878635458734471, -2.4429382180461072], "parent": "pinky1_JNT", "part": 22, "rotation": [-12.309909120284518, 3.8201005949146105, -4.641482987979294], "translate": [11.871172534899975, 20.228337686306094, -0.8723043995324036], "side": 1}, "middleEnd_JNT": {"scale": [1.0000000000000002, 1.0, 1.0], "orientation": [1.9777385784754928, 0.12331234901039595, 0.6440872942965573], "parent": "middle4_JNT", "part": 0, "rotation": [0.0, 0.0, -8.640008412410442], "translate": [16.23422253941046, 20.3373303173065, 0.689714166658462], "side": 0}, "thumb3_JNT": {"scale": [0.9999999999999999, 1.0, 0.9999999999999999], "orientation": [1.2174262838136234, -0.05209782404242361, 3.2094276639535395], "parent": "thumb2_JNT", "part": 14, "rotation": [79.05436721135317, -21.860961976260224, -23.169508960836108], "translate": [12.54123112519889, 18.945865827001736, 2.5667935864014066], "side": 1}, "ring4_JNT": {"scale": [0.9999999999999999, 0.9999999999999999, 1.0], "orientation": [0.06449682760938989, -0.0848033695822654, -2.8080102561222207], "parent": "ring3_JNT", "part": 21, "rotation": [-8.123646846430049, 0.7942095123794584, -8.849372079170257], "translate": [14.95109003934954, 20.306245710217194, -0.22041779298700914], "side": 1}, "pinkyEnd_JNT": {"scale": [1.0000000000000002, 1.0, 1.0], "orientation": [-2.0939730955296203, 0.15379790657357365, 7.314479343501355], "parent": "pinky4_JNT", "part": 0, "rotation": [-14.000000000009345, 4.889906152290825, 0.0], "translate": [15.246726119033337, 19.889436425813752, -1.0826883946280672], "side": 0}, "pinky4_JNT": {"scale": [0.9999999999999999, 1.0, 1.0], "orientation": [0.022705070761728938, -0.0237440057592217, -0.8057558687437452], "parent": "pinky3_JNT", "part": 22, "rotation": [-12.400105348597519, 3.1976928797395607, -7.135743049773719], "translate": [14.31394072540276, 20.006211965386107, -1.0301684866710148], "side": 1}, "hand_JNT": {"scale": [1.0, 1.0, 1.0], "orientation": [0.0, -0.0, 0.0], "parent": null, "part": 12, "rotation": [0.0, 0.0, 0.0], "translate": [9.96957892971689, 20.29044222726087, 0.17975035931852001], "side": 1}, "middle1_JNT": {"scale": [1.0, 1.0, 1.0], "orientation": [-1.9753750790055633, 0.4459779299115126, 3.1604414066744315], "parent": "hand_JNT", "part": 20, "rotation": [-1.9753750790055637, 0.4459779299115126, 3.160441406674431], "translate": [10.925266426924777, 20.6819268346483, 0.7013740540417492], "side": 1}, "middle4_JNT": {"scale": [1.0, 1.0, 1.0], "orientation": [0.08869549702266157, -0.4442263284567723, -3.4567017389983494], "parent": "middle3_JNT", "part": 20, "rotation": [-1.9762337598761202, -0.14545892205474711, -9.27945842455789], "translate": [15.333616670257904, 20.48447866170388, 0.6873974426003799], "side": 1}, "index2_JNT": {"scale": [0.9999999999999999, 0.9999999999999999, 1.0], "orientation": [0.020632927108469427, -0.35604808108527003, -5.816423124892536], "parent": "index1_JNT", "part": 19, "rotation": [-1.8693127071363922, -2.3653871070004278, -3.1632704504726603], "translate": [12.191412003057557, 20.636873153366597, 1.5279102567758578], "side": 1}, "ring1_JNT": {"scale": [1.0, 0.9999999999999999, 0.9999999999999999], "orientation": [-7.74487286007834, 3.1138062969658113, 4.686346410502457], "parent": "hand_JNT", "part": 21, "rotation": [-7.744872860078342, 3.113806296965812, 4.686346410502458], "translate": [10.83643684352359, 20.485856495340638, -0.08403087038795087], "side": 1}, "ring3_JNT": {"scale": [0.9999999999999999, 0.9999999999999999, 1.0], "orientation": [0.00594124092500466, -0.010166158019167778, -0.3376149686194816], "parent": "ring2_JNT", "part": 21, "rotation": [-8.136029971909188, 1.2768952082691014, -6.081399841759109], "translate": [13.855610694054807, 20.422959000169534, -0.19586167733384477], "side": 1}, "thumb1_JNT": {"scale": [1.0, 0.9999999999999999, 0.9999999999999999], "orientation": [79.09415989359822, -21.99604317928388, -23.140571926850665], "parent": "hand_JNT", "part": 14, "rotation": [79.09415989359823, -21.99604317928388, -23.14057192685067], "translate": [10.33022477310682, 19.9023485986246, 1.6513373392977533], "side": 1}, "middle3_JNT": {"scale": [1.0, 1.0, 0.9999999999999999], "orientation": [-0.05765417177832465, 0.5873711242932887, -0.6841036699662776], "parent": "middle2_JNT", "part": 20, "rotation": [-2.043211678972628, 0.4224143596907017, -5.840916541814485], "translate": [14.330124960135109, 20.587133700971194, 0.6948344515457983], "side": 1}, "index1_JNT": {"scale": [1.0, 1.0, 1.0], "orientation": [-2.0833758839093446, -1.8077450932613577, 2.6411343542589525], "parent": "hand_JNT", "part": 19, "rotation": [-2.083375883909344, -1.8077450932613575, 2.6411343542589525], "translate": [10.936247456099231, 20.57897345688644, 1.4882531576962696], "side": 1}, "index4_JNT": {"scale": [0.9999999999999998, 1.0, 1.0], "orientation": [0.11163155054733742, -0.4113053404526574, -6.704230809961545], "parent": "index3_JNT", "part": 19, "rotation": [-1.4014090208282033, -3.0788258038993908, -11.007850963447778], "translate": [15.00999383230436, 20.45827398501575, 1.646716637033382], "side": 1}, "middle2_JNT": {"scale": [1.0, 1.0, 0.9999999999999999],